Year,Month,C_Precip,C_Tmax,C_Tmin,R_Precip,R_Tmax,R_Tmin
1949,1,5.22,52.1,34.2,3.35,54.61,35.9
1949,2,1.6,53.86,34.61,2.55,57.18,35.79
1949,3,2.74,58.78,37.89,2.12,60.58,36.74
1949,4,2.54,66.13,44.4,2.22,67.07,44.33
1949,5,4.68,76.68,54.71,5.11,77.84,54.06
1949,6,2.92,84.63,63.93,3.53,85.67,64.8
1949,7,4.5,87.68,69.84,6.34,88.97,71.19
1949,8,10.65,84.71,66.29,8.99,85.71,67.45
1949,9,3.21,76.5,55.53,2.64,78.03,56.83
1949,10,2.79,71.32,53.29,3.87,72.68,52.32
1949,11,0.91,59.53,38.7,1.88,61.03,36.93
1949,12,2.16,49.58,31.26,1.94,53.55,31.23
1950,1,1.31,55.81,35.9,2.17,60.48,38.87
1950,2,3.01,46.39,29.54,1.71,50.39,30.86
1950,3,3.04,53.23,31.19,3.2,56.13,32.65
1950,4,1.39,65.6,41.5,0.74,67.1,42.27
1950,5,5.42,74.81,55.1,4.27,75.23,54.71
1950,6,2.12,83.27,62.73,0.99,86.1,62.27
1950,7,5.64,83.61,65.13,6.69,86.29,67.19
1950,8,1.19,84.94,64.03,3.32,85.87,65
1950,9,10.57,75.83,57.6,4.04,77,59.3
1950,10,3.31,69.61,50.27,1.77,71.77,50.45
1950,11,1.61,57.53,36.37,1.74,59.13,35.47
1950,12,4.46,42.48,26.1,2.73,45.26,26.9
1951,1,1.64,49.1,28.39,1.08,51.61,30.1
1951,2,3.4,47.61,29.79,1.9,52.71,29.75
1951,3,4.62,54.61,35.39,2.85,56.97,36.52
1951,4,4.84,66.83,45.3,2.26,69.23,44
1951,5,2.09,76.58,53.87,2.51,76.9,52.23
1951,6,7.19,83.53,62.57,5.85,85,63.53
1951,7,3.91,88.03,66.61,2.63,89.26,67.81
1951,8,2.26,87.03,64.81,5.23,85.77,66.06
1951,9,1.55,81.77,58.83,0.98,81.07,58.8
1951,10,1.63,71.45,52.29,2.71,71.68,51.42
1951,11,4.92,53.27,33,4.52,56,33.96
1951,12,5.44,49.65,30.32,-999,46.87,27.48
1952,1,5.03,49.74,31.9,5.71,52.13,32.74
1952,2,3.21,49.86,31.55,2.76,51.97,32.34
1952,3,6.55,55.65,34.71,5.05,57.45,35.1
1952,4,6,66.6,47.43,5.32,69.1,47.03
1952,5,5.49,76.61,54.13,3.72,76.94,53.77
1952,6,2.65,87.43,66.7,4.5,89.8,65.4
1952,7,4.47,89.48,68.39,2.71,91.84,68.87
1952,8,3.69,85.32,65.39,6.41,86.26,66.45
1952,9,3.96,79,58.2,2.35,80.07,58.27
1952,10,1.44,67.87,45.48,2.04,67.81,42.58
1952,11,6.35,58.67,41.07,6.42,60.2,38.57
1952,12,2.6,46.16,30.68,3.37,48.55,29.94
1953,1,4.5,49.81,32,4.47,52.19,33.48
1953,2,3.02,53.89,32.75,3.36,54.18,32.57
1953,3,6.42,56.65,36.77,3.95,58.71,37.94
1953,4,3.27,67.8,45.27,3.16,70.53,45.43
1953,5,4.48,81.71,59.9,2.35,82.61,60.35
1953,6,4.31,83.8,63.8,3.06,86,64.33
1953,7,0.76,92.55,68.26,2.04,91.84,67.94
1953,8,2.5,88.94,65.9,0.99,88.97,65.61
1953,9,1.06,84.6,59.23,6.84,81.9,58
1953,10,1.64,75.42,51.29,2.16,73.45,47.77
1953,11,1.78,60.83,40.73,1.85,61.67,35.3
1953,12,4.45,49.97,31.77,2.94,53.06,31.94
1954,1,2.79,47,26.48,3.7,48.39,27.65
1954,2,1.28,54.57,32.5,1.56,57,32.68
1954,3,5.85,56.87,35.65,2.44,58.87,35
1954,4,2.24,73.47,48.07,3.08,74.23,48.17
1954,5,4.53,73.16,51.84,4.36,74.32,51.61
1954,6,2.44,84.93,62.6,1.09,86.47,62.6
1954,7,3.19,89.1,65.61,1.3,91.1,66.1
1954,8,2.55,88.32,65.26,3.95,87.39,66.19
1954,9,0.63,87.83,60.9,0.69,87.7,61.03
1954,10,7.32,75.48,50.87,4.99,74.48,50
1954,11,3.8,53.23,35.87,1.86,56.07,36.03
1954,12,5.34,45.06,28.29,2.43,48.16,28.16
1955,1,0.57,45.03,27.65,1.09,45.48,25.97
1955,2,3.79,48.93,28.25,3.18,52.82,27.39
1955,3,5.2,60.13,39.1,2.66,61.48,38.87
1955,4,5.04,71.07,50.53,3.14,72.83,48.7
1955,5,2.56,78.87,57.71,1.79,79.35,54.97
1955,6,5.39,79.63,60.27,3.06,81.23,58.87
1955,7,2.98,90.94,70.71,7.93,91.29,71.32
1955,8,11.68,85.55,68.55,14.1,86.97,70.29
1955,9,1.92,77.7,60.23,5.79,79.07,62.07
1955,10,1.63,70.84,49.42,2.57,71.32,47.65
1955,11,1.63,57.13,36.33,1.76,58.6,34.23
1955,12,0.36,43.26,24.71,0.86,44.68,24.94
1956,1,1.2,44.45,28.23,1.65,44.74,27.16
1956,2,4.06,52.14,32.28,3.57,52.69,33.28
1956,3,2.71,55.13,35.16,3.06,57.87,34.71
1956,4,2.46,65.43,44.3,2.75,67.57,43.33
1956,5,2.22,76.39,52.65,3.86,77.3,52.27
1956,6,2.36,84.23,62.97,3.28,86.23,63.17
1956,7,8.9,87.03,67.1,10.32,88.03,67.48
1956,8,2.46,85.19,65.81,2.28,86.52,66.35
1956,9,5.75,76.63,57.37,2.96,77.77,58.03
1956,10,5.29,67.35,51.19,4.92,69.9,51.87
1956,11,2.82,56.03,37.6,6.11,57.7,37.37
1956,12,2.18,56.55,37.81,3.98,59.26,38.52
1957,1,2.43,43.45,25.65,3.36,44.45,25.94
1957,2,3.98,49.79,32.07,5.29,52.5,34.07
1957,3,2.38,54.58,37.26,2.82,57.68,36.68
1957,4,4.63,70.53,48.63,2.25,73.93,48.97
1957,5,3.33,78.55,56.65,2.75,78.94,56.65
1957,6,3.45,82.47,64.63,3.92,85.9,66.5
1957,7,2.32,89.03,67.19,1.8,90.29,66.52
1957,8,1.35,86.74,64.61,7.46,84.97,64.23
1957,9,7.15,79.37,60.97,3.43,80.4,63.3
1957,10,3.6,62.87,45.29,5.35,64.45,44.68
1957,11,4.07,58.33,40.37,5.3,60.53,40.07
1957,12,3.96,49.45,32.26,6.88,52.55,33.55
1958,1,4.27,42.39,25.19,2.96,44.52,24.58
1958,2,3.47,38.64,22.86,4.38,42.75,24.68
1958,3,5.14,48.77,33.42,3.81,50.65,34.03
1958,4,3.55,66.67,45.5,4.35,68.4,46.53
1958,5,3.33,73.39,54.84,5.79,76.32,55.1
1958,6,3.25,80.3,59.83,6.09,81.77,60.77
1958,7,6.56,86.58,68.26,3.27,89.65,70.84
1958,8,4.28,83.16,65.74,9.77,85.65,67.16
1958,9,1.85,80.53,58.53,1.9,80.83,57.3
1958,10,1.54,67.81,48.39,5.35,68.81,48.55
1958,11,1.61,62,41.93,1.43,62.3,40.1
1958,12,2.75,41.58,24.16,4.63,43.77,22.94
1959,1,1.88,44.39,25.39,1.31,48.61,26.39
1959,2,0.99,50.11,28.79,1.87,52.68,30.43
1959,3,3.52,58.77,34.45,2.92,59.42,35.06
1959,4,3.72,70.07,47.3,4.32,71.77,46.83
1959,5,2.34,79.94,58.06,2.44,81.1,57.65
1959,6,4.84,84.07,64.27,3.45,86.23,63.3
1959,7,6.11,86.03,67.32,12.85,86.1,69.68
1959,8,6.49,87.45,69.06,5.75,88.61,69.42
1959,9,4.25,80.23,61.3,3.3,80.93,60.7
1959,10,7.16,68.58,51.23,3.25,70.77,51.9
1959,11,2.73,55.43,36.9,7.64,58.1,36.4
1959,12,3.37,49.06,33.16,2.24,51.68,31.55
1960,1,2.18,46.55,30.1,2.13,46.97,30.45
1960,2,5.05,45.17,28.59,4.56,49.17,29.31
1960,3,3.22,43.26,25.26,3.29,45.55,26.16
1960,4,3.64,74.27,48.93,3.57,75.57,47.97
1960,5,4.71,73.16,53.61,3.59,76.45,53.23
1960,6,2.34,83.13,62.83,0.91,86.3,61.13
1960,7,4.81,85.74,65.65,7.34,87.35,65.16
1960,8,4.69,86.19,67.42,7.2,87.06,67.94
1960,9,5.56,78.23,60.87,6.21,79.73,58.77
1960,10,1.22,68.23,50.03,3.31,67.81,46.32
1960,11,0.8,60.87,40.27,0.85,63.17,36.93
1960,12,1.39,43,24.42,3.04,46.52,22.71
1961,1,2.29,41.1,23.1,2.57,44.77,22.06
1961,2,4.99,49.14,31.04,5.39,52.86,31.46
1961,3,3.12,58.84,39.16,4.02,61.87,39.61
1961,4,5.52,61.53,42.5,1.73,65.17,40.73
1961,5,4.05,72.35,51.32,4.83,76.16,50.97
1961,6,3.41,80.53,62,6.49,84.07,61.4
1961,7,3.43,85.97,67.45,2.85,89.84,67.23
1961,8,10.49,83.61,66.74,3.9,87.29,66.81
1961,9,2.52,82.27,63.63,1.64,84.7,62.33
1961,10,9.27,70.26,50.32,8.78,71.94,44.32
1961,11,2.16,59.07,42,1.81,60.93,39.33
1961,12,4.3,45.19,29.13,5.05,46.35,27.81
1962,1,2.98,43.71,25.65,5.95,46.48,26.58
1962,2,3.49,44.46,26.75,3,48.96,30.43
1962,3,5.57,52.06,34.55,4.87,55.42,34.45
1962,4,3.66,66.43,45.6,3.8,70.9,44.1
1962,5,6.63,78.81,58.16,4.08,83.35,57.81
1962,6,4.42,80.77,62.7,5.57,84.57,63.43
1962,7,4.24,82.19,65.58,5.65,85.32,64.19
1962,8,3.25,83.87,64.87,2.37,86.32,62.9
1962,9,4.23,75.3,56.27,3.46,77.63,54.67
1962,10,1.45,71.77,51.13,0.5,73.58,47.26
1962,11,5.44,53.1,37.7,6.73,57.63,36.73
1962,12,3.72,44,25.13,2.64,45.26,26.81
1963,1,1.5,41.81,23.19,1.55,45.29,26.39
1963,2,2.04,40.46,21.75,2.98,43.61,22.96
1963,3,5.66,61.97,38.48,5.62,63,38.61
1963,4,1.53,72,46.27,0.64,72.6,45.73
1963,5,2.34,75.32,53.13,2.39,76.16,51.74
1963,6,1.74,83.9,62.57,7.01,82.63,61.37
1963,7,2.61,88.87,65.94,0.52,88.29,63.84
1963,8,2.31,86.71,64.55,3.75,88.03,63.29
1963,9,2.96,77.77,56.13,3.2,76.6,54.4
1963,10,0.18,74.65,-999,0.3,74.1,43.1
1963,11,6.02,60.37,41.57,6.7,62.37,37.77
1963,12,1.5,39.32,23.52,2.8,42.26,22.55
1964,1,4.56,46.55,29.19,4.16,50.26,25.77
1964,2,4.48,44.31,27.66,4.46,47.69,26.62
1964,3,1.88,58,36.52,2.61,59.84,35.26
1964,4,4.59,65.87,44.17,2.71,66.9,43.87
1964,5,1.47,77.84,56.48,1.14,79.13,53.68
1964,6,1.71,85.47,63.4,2.4,86.1,59.97
1964,7,6.31,86.87,67.1,6.46,85.19,66.29
1964,8,3.05,83.48,64.52,9.88,82.06,63.97
1964,9,3.77,77.87,58,2.56,78.3,55.77
1964,10,3.16,65.06,46.26,3.68,65.87,40.81
1964,11,3.53,63.97,43.53,1.98,65.53,37.4
1964,12,3.83,47.87,31.52,3.05,53.1,32.71
1965,1,3.41,44.81,26.45,2.51,46.48,24.58
1965,2,5.36,47,27.18,2.77,49.82,27.79
1965,3,4.09,52.58,32.84,3.68,52.87,33.13
1965,4,2.88,65.6,43.2,2.13,64.97,42.8
1965,5,2,81.61,60.23,0.87,81.81,57.35
1965,6,2.3,80.17,61.23,3.39,80.9,60.47
1965,7,3.57,86.1,66.19,6.33,83.74,66.13
1965,8,4.69,85.81,65.19,0.81,86.68,64.97
1965,9,2.55,81.1,61.4,4.81,81.4,59.97
1965,10,3.55,66.84,46.35,1.38,68.06,44.1
1965,11,0.79,59.37,39.87,0.36,60.23,36.07
1965,12,0.42,51.65,32.94,0.72,53.03,29.61
1966,1,3.9,40.26,24.13,4.58,40.23,22.03
1966,2,3.87,43.82,27.93,3.8,46.14,29.18
1966,3,2.44,58.39,37.29,0.94,59.13,35.94
1966,4,2.67,61.7,42.77,2.18,63.47,41.97
1966,5,4.66,76.1,52.9,2.58,74.16,51.87
1966,6,0.44,85.3,63.03,2.54,83.2,59.63
1966,7,1.88,91.39,68.97,4.07,88.58,64.1
1966,8,0.98,86.77,66.42,1.31,84.13,65
1966,9,9.46,76.97,58.77,5.06,77.97,56.43
1966,10,4.39,67.1,45.65,4.81,69.16,41.77
1966,11,2.21,59.23,39.83,1.31,62.3,36.63
1966,12,2.79,44.71,28.61,3.07,47.77,28.19
1967,1,1.82,49.84,31.06,1.5,52.23,29.61
1967,2,2.86,42.86,24.18,3.35,45.75,23.68
1967,3,6.09,56.52,34.9,2.34,59.52,33.74
1967,4,0.89,70.6,47.03,1.32,72.07,45.43
1967,5,4.24,69.35,49.19,3.71,73.1,48.16
1967,6,0.91,83.73,60.47,3.58,84.77,59.3
1967,7,5.94,83.26,65.52,5,86.94,66.32
1967,8,8.5,82.26,64.23,6.65,85.35,65.52
1967,9,1.88,76,56.33,0.95,77.93,53.4
1967,10,4.1,67.32,46.74,1,71.32,43.06
1967,11,1.35,53.8,35.23,1.76,57.3,30.67
1967,12,6.05,48.9,32.65,6.48,52.61,31.13
1968,1,3.12,40.35,22.81,2.53,45.1,22.65
1968,2,0.2,43.62,24.59,0.98,46.52,21.79
1968,3,2.96,61.35,38.61,4,65.68,38.26
1968,4,2.11,69.6,46.73,2.93,72.37,45.23
1968,5,5.21,72.58,51.97,3.13,76.48,52.77
1968,6,2.07,83.47,63.5,2.89,86.3,63.13
1968,7,9.93,86.42,67.55,3.41,88.42,69.26
1968,8,4.08,87.16,67.68,3.71,89.77,67.87
1968,9,2.77,80.6,59,1.78,84,57.77
1968,10,2.9,69.29,50.97,1.59,74.55,49.32
1968,11,2.66,58.3,40.97,3.87,62.6,40.03
1968,12,1.8,43.81,26.84,2.28,47,26.87
1969,1,2.63,40.81,24.1,2.04,43,24.77
1969,2,2.91,43.07,29.32,3.95,43.82,29.82
1969,3,3.45,52.87,32.84,3.95,54.06,30.42
1969,4,1.84,69.9,47.53,2.6,70.7,44.53
1969,5,5.03,77.39,55.71,3.32,78.45,52.52
1969,6,7.79,82.57,64.1,4.36,85.8,65.53
1969,7,9.4,85.72,67.45,13.9,87.26,69.19
1969,8,9.52,83.35,64.84,9.31,85.23,64.87
1969,9,2.92,77.47,58.57,3.89,78.73,57.53
1969,10,1.22,69.45,48.16,1.88,70.39,46.58
1969,11,2.45,56.5,37.6,1.87,57.97,35.57
1969,12,6.81,42.06,27.68,5.26,44,26.97
1970,1,1.61,38.55,21.94,1.32,40.77,19.26
1970,2,2.93,46.57,26.75,2.37,49.96,24.11
1970,3,3.26,51.61,32.87,3.7,53.61,32.1
1970,4,3.41,67.63,45.6,2.84,70.7,45.7
1970,5,3.41,79.26,57.35,1.84,81.58,56.52
1970,6,1.36,84.47,63.53,1.12,88.13,63.23
1970,7,7.57,86.55,66.84,4.74,88.45,68
1970,8,2.97,85.55,66.77,1.69,89.55,66.45
1970,9,1.73,85.47,62.77,1.02,87.5,62.03
1970,10,7.57,70.13,52,1.55,73.65,52.23
1970,11,6.24,56.33,39.93,3.1,60.9,38.9
1970,12,2.82,48.77,31,3,50.68,30.06
1971,1,2.95,41.35,23.94,1.84,42.68,24.9
1971,2,5.19,47.11,28.14,4.37,49.79,29.11
1971,3,2.74,53.29,32.77,2.68,55.52,33.45
1971,4,2.42,69.27,43.4,1.76,70.57,39.27
1971,5,10.53,73.13,53,6.82,74.77,51.68
1971,6,5.74,83.43,64.07,4.1,84.07,65.17
1971,7,2.18,85.77,65.32,4.4,86.52,66.74
1971,8,5.26,84.03,64.68,3.73,85,65.65
1971,9,6.71,79.33,62.7,2.35,80.67,62.13
1971,10,9.09,70.1,56.03,9.39,72.19,56.94
1971,11,2.11,57.27,39.33,2.76,59.87,37.13
1971,12,1.3,54.9,36.48,0.75,58.77,37.19
1972,1,2.61,48,29.77,1.43,50.42,30.87
1972,2,6.37,43.48,26.31,5.15,47.21,27.97
1972,3,2.1,56.61,35.03,2.11,58.39,35.94
1972,4,3.14,67.43,43.9,3.35,69.5,42.9
1972,5,5.32,73.52,53.9,8.87,74.45,54.61
1972,6,12.81,77.73,59.17,8.82,80.1,60.03
1972,7,5.53,84.52,66.48,5.8,85.87,68.23
1972,8,1.6,84.19,63.77,3.84,85.03,65.32
1972,9,2.63,79.93,60.14,3.35,79.87,60.3
1972,10,10.36,65.1,44.61,7.89,66.32,45.26
1972,11,7.5,55,36.57,5.82,57.17,38.53
1972,12,6.06,50.42,34.39,2.91,54.35,37.29
1973,1,3.52,46.81,28.9,2.66,49.06,26.03
1973,2,3.64,46.25,26.57,3.11,49.54,27.46
1973,3,4.62,59.32,41.45,3.44,62.48,42.61
1973,4,5.41,65.6,45.77,4.58,69.27,46.53
1973,5,4.37,72.39,52.94,3.56,76.61,53.65
1973,6,3.04,85.07,64.93,2.45,85.67,66.3
1973,7,2.94,86.71,66.97,3.64,87.35,67.26
1973,8,4.46,86.29,67.1,4.34,87.61,67.39
1973,9,1.49,82.53,62.43,1.82,83.73,60.93
1973,10,6.44,70.06,50.06,2.56,73.87,47.16
1973,11,1.81,61.13,40.07,1.27,65.07,37.37
1973,12,7.42,46.77,30.23,7.07,51.32,30.26
1974,1,3.57,52.06,33.77,3.21,54.97,36.61
1974,2,1.35,48.79,28.18,2.54,51.18,28.93
1974,3,3.33,60.13,37,3.79,62.71,38.03
1974,4,2.43,70.33,48.3,1.58,73.9,45.83
1974,5,3.8,75.39,54.16,3.02,76.26,55.19
1974,6,5.76,78.47,59.7,1.8,81.43,59.67
1974,7,3.1,86.52,65.58,2.25,88.77,64.87
1974,8,6.47,83.23,64.87,6.84,84.77,66.61
1974,9,4.49,76.53,56.77,4.83,78.03,56.73
1974,10,1.93,68.58,45.06,0.39,70,40.74
1974,11,2.28,59.93,39.77,1.23,60.77,36.23
1974,12,5,49.42,32.55,4.22,52.61,30.84
1975,1,3.83,48.94,29.39,5.71,51.74,29.74
1975,2,3.24,48.5,31.54,2.96,51.75,30.96
1975,3,7.91,52.48,33.87,8.04,56.16,34.35
1975,4,1.64,63.47,42.3,2.78,65.17,40.63
1975,5,4.24,77.13,57.13,2.59,79.58,55.77
1975,6,5.99,81.7,61.87,4,84.43,62.73
1975,7,8.2,83.03,63.45,12.29,85.58,66.29
1975,8,5.23,87.06,65,2.31,89.77,67.68
1975,9,10.67,73.8,57.3,10.98,78.73,59.93
1975,10,3.94,70.9,50.74,3.1,74.29,50.68
1975,11,2.04,62.5,41.48,2.04,67.3,39.8
1975,12,2.88,44.97,28.81,4.51,51.45,28.55
1976,1,5.31,40.61,22.55,3.39,46.74,23.48
1976,2,1.33,56.55,33.97,1.35,62.79,34.14
1976,3,2.35,62.71,39.03,2.14,66.19,39
1976,4,1.72,72.33,47.7,1.08,77.13,43.77
1976,5,5.85,73.26,52.74,3.76,77.94,52.35
1976,6,4.84,82.07,62.7,2.85,85.7,63.53
1976,7,2.18,85.39,63.48,2.63,89.77,64.81
1976,8,3.66,85.03,60.81,1.35,88.06,63.16
1976,9,5.77,77.53,57.17,4.78,81.8,55.57
1976,10,12.7,60.97,44.35,6.99,65.94,42.87
1976,11,1.69,52.37,33.13,1.88,55.93,29.43
1976,12,2.46,43.65,23.55,2.56,48.55,24.84
1977,1,1.32,33.19,17.13,2.22,35.16,15.29
1977,2,0.73,48.82,22.37,1.34,54.46,26.36
1977,3,2.53,63.81,40.81,2.67,67.03,40.32
1977,4,2.15,72.43,46,2.33,76.13,46.13
1977,5,2.7,80.13,56.15,3.99,81.39,54.94
1977,6,1.56,80.9,59.77,1.25,86.13,59.9
1977,7,1.14,93.16,66.81,4.2,93.58,69.06
1977,8,2.37,88.97,64.23,6.15,91.19,68.42
1977,9,1.42,82,61.83,2.16,85,63.37
1977,10,3.1,65.71,44.71,7.88,69.03,45.52
1977,11,8.73,54.97,40.5,4.32,61.23,43.3
1977,12,4.11,43.58,27.03,5.57,49.23,29.74
1978,1,9.7,36.87,20.68,7.97,42.97,23.71
1978,2,0.42,37.29,20.32,0.48,41.18,19.43
1978,3,4.86,51.35,31.61,5.67,54.55,34.45
1978,4,3.22,68.23,45.13,4.31,70.43,44.2
1978,5,6.29,72.9,52.84,3.92,76.52,54.55
1978,6,2.91,83.8,60.9,5.26,87.1,62.2
1978,7,4.92,83.97,62.42,4.24,88.45,66.45
1978,8,6.81,86.42,66.97,5.93,90.13,70.06
1978,9,2.15,79.97,61.43,0.26,83.8,61.93
1978,10,1.39,67.87,46.94,1.21,71.32,45.29
1978,11,2.83,60.5,42.37,4.57,62.93,42.13
1978,12,4.26,51.68,31.65,3.8,54.29,30.61
1979,1,6.97,41.35,24.58,6.16,45.94,26.94
1979,2,6.13,36.21,19.89,5.97,38.25,18.89
1979,3,4.66,59.68,38.81,2.59,64.71,37.39
1979,4,3.69,67.1,46.43,3.97,70.37,46.4
1979,5,4.69,74.52,54.94,3.8,77.81,56.39
1979,6,9.16,79.93,59.53,2.42,82.23,59.43
1979,7,1.3,84.35,65.39,4.36,85.68,68.03
1979,8,4.43,86,65.03,7.08,87.42,68.13
1979,9,11.81,76.2,58.23,9.76,78.8,63.17
1979,10,4.7,66.42,44.58,3.87,70.03,46.45
1979,11,2.91,61.03,41.5,5.5,65,41.53
1979,12,0.84,50.42,31.23,1.64,53.68,30.77
1980,1,4.37,43.74,27.68,6.05,47.32,30.16
1980,2,1.76,42.86,24.76,1.01,46.52,25.52
1980,3,5.59,53.13,34.48,5.49,58.13,36.58
1980,4,4.16,68.03,46.8,4.28,72.9,49.2
1980,5,3.08,76.87,56.77,4.68,80.06,56.42
1980,6,1.03,83.37,60.47,0.38,85.2,60.4
1980,7,5.05,89.45,67.74,5.18,91.42,68.52
1980,8,2.78,87.58,67.7,2.15,92.06,69.32
1980,9,1.49,84.53,62.23,2.37,85.67,63.67
1980,10,2.12,66.77,46.77,6.96,67.84,45.97
1980,11,2.91,56.13,36.97,2.18,57.7,34.63
1980,12,0.37,47.29,29,0.4,48.84,28.35
1981,1,0.21,40.71,22.84,0.64,42.06,20.19
1981,2,4.75,50.46,29.75,2.76,54.07,30.21
1981,3,1.1,54.9,34.74,1.52,57.1,32
1981,4,1.57,72.57,48.93,2.96,73.2,47.93
1981,5,3.82,74.03,52.97,6.62,75.32,52.87
1981,6,2.2,85.4,65.27,3.69,88.2,67.53
1981,7,7.22,85.06,66.48,4.01,89.23,69.87
1981,8,4.17,82.81,62.48,2.89,84.74,65.35
1981,9,3.12,77.93,58.17,2.7,81.17,57.53
1981,10,4.07,66.1,44.81,2.36,68.74,44.13
1981,11,0.9,58.23,39.83,0.68,60.17,37.9
1981,12,3.26,42.32,28.19,5.04,46.06,29.77
1982,1,3.77,36.77,18.68,2.76,40.23,23.03
1982,2,5.5,47.82,29.71,4.44,49.79,33.54
1982,3,3.76,55.16,34.87,3.74,59.84,38.32
1982,4,2.94,64.53,42.7,2.97,68.1,43.6
1982,5,6.63,78.32,58.23,3.48,82,58.84
1982,6,5.77,79.33,61.7,3.97,81.47,65.3
1982,7,6.9,86.43,67.19,9.21,87.1,69.97
1982,8,5.21,81.74,61.74,4.39,84.06,65.9
1982,9,2.81,78,56.53,2.55,79.57,59.87
1982,10,3.8,67.16,48,2.9,69.84,48.65
1982,11,2.01,60.63,39.8,2.7,63.07,40.63
1982,12,2.71,51.65,34.03,3.37,54.39,37.74
1983,1,1.48,42.55,27.58,1.59,45.39,30.16
1983,2,4.94,47.82,27.61,3.95,47.68,30.43
1983,3,5.45,56.45,36.68,6.04,59.81,40.97
1983,4,9.82,61.67,41.5,5.21,66.43,45.8
1983,5,4.41,74.03,51.13,2.5,77.32,54.84
1983,6,2.75,82.9,60.87,5.46,85.7,65.37
1983,7,2.66,89.26,64.71,0.51,91.55,67.19
1983,8,5.2,88.35,64.1,0.97,89.84,65.55
1983,9,2.58,82,55.73,3.05,80.9,56.6
1983,10,7,66.9,44.58,4.02,67.81,48.26
1983,11,-999,58.87,36.72,5.63,60.4,37.57
1983,12,6.43,42.81,26.32,4.5,44.45,27.87
1984,1,1.45,40.87,24,3.98,41.13,24.13
1984,2,6.24,53.07,33.31,3.97,54.28,34.62
1984,3,6.6,52.16,31.29,8.65,53.58,33.52
1984,4,6.11,65,43.23,5.92,66,45.47
1984,5,4.66,74.9,52.42,4.52,77.13,53.68
1984,6,1.76,86.73,62.67,2.01,90.03,65.43
1984,7,7.21,83.23,61.84,3.55,85.35,66.55
1984,8,7.97,84.35,62.84,4.58,87.84,66.13
1984,9,0.88,77.03,56.17,1.86,79.6,55.33
1984,10,3.27,74.39,53.77,2.14,76.42,55.84
1984,11,3.14,56.15,37.26,3.34,59.13,34.03
1984,12,1.7,57.87,36.06,1.52,58.84,36.55
1985,1,2.29,39.84,22.42,3.54,41.84,23.29
1985,2,2.89,48.36,27.71,3.2,50.57,29.71
1985,3,1.59,61.52,37.29,1.8,61.9,37.55
1985,4,0.87,74.9,49.03,0.65,76.83,47.2
1985,5,6.45,77.23,55.42,2.36,80.23,55.84
1985,6,2.22,81.83,59.97,4.01,85.63,62.87
1985,7,5.06,84.8,64.83,5.31,90.1,67.87
1985,8,6.77,82.41,63.57,10.58,87.45,67.39
1985,9,0.62,80.83,58.93,4.97,82.17,59.4
1985,10,4.91,69.87,50.2,5.09,72.23,52.94
1985,11,13.06,63,44.17,6.99,65.43,47.7
1985,12,0.81,45.35,27,0.58,48.1,27.35
1986,1,1.09,46.68,26.26,2.69,46.52,25.84
1986,2,2.8,45.36,29.86,2.67,46.54,32.07
1986,3,1.54,61.47,37.13,1.16,62.71,37.19
1986,4,2.18,71.3,45.47,1.16,72.1,46.3
1986,5,1.63,77.65,54.29,3.15,79.23,54.48
1986,6,1.58,87.53,62.7,1.3,88.1,64.1
1986,7,4.66,89.52,67.9,7.01,91.45,70.26
1986,8,4.81,81.97,62.55,6.75,83.19,65.16
1986,9,2.61,78.1,59.33,0.63,81.13,60.5
1986,10,2.01,71,49.7,2.43,72.65,50.87
1986,11,4.3,55.57,36.8,2.46,57.7,40.47
1986,12,5.46,47.1,29.45,5.15,50.19,31.48
1987,1,4.41,43.32,24.48,5.53,43.65,25.84
1987,2,1.69,47.07,28.61,2.57,47.39,26.46
1987,3,3.08,58.87,37.06,1.65,59.16,34.87
1987,4,9.14,63.77,43.41,7.31,64.5,43.97
1987,5,2.88,78.26,55.1,2.94,79.1,55.48
1987,6,6.47,85.7,64.8,6.29,87,64.5
1987,7,1.1,91.74,69.32,1.2,92.35,70.19
1987,8,1.55,89.33,65.35,1.11,89.32,67.58
1987,9,17.96,78.93,59.6,4.43,81.67,62.77
1987,10,-999,-999,-999,1.25,66.65,39.06
1987,11,-999,-999,-999,3.13,63.37,39.07
1987,12,2.4,49.13,32.03,2.86,52.23,33.71
1988,1,2.64,41.97,21.68,2.53,41.74,22.84
1988,2,-999,-999,-999,3.08,49.97,28.07
1988,3,-999,-999,-999,1.98,60,35.74
1988,4,1.34,67.23,43.63,2.55,67.8,44.2
1988,5,7.01,75.1,52.57,4.81,77.81,53.68
1988,6,2.37,85.37,60.53,2.25,85.07,60.37
1988,7,4.46,90.23,66.13,7.5,90.94,68.84
1988,8,4.14,90.06,66.68,2.95,89.94,69.58
1988,9,1.73,76.73,54.9,1.74,78.63,58.13
1988,10,1.37,65.87,40.81,2.74,66.23,40.87
1988,11,-999,-999,-999,4.34,62.83,38.33
1988,12,1.43,48.68,28.32,0.79,50.16,28.13
1989,1,1.65,53.29,33.16,1.88,53.39,31.19
1989,2,3.48,48.71,29.18,4.34,49.25,29.82
1989,3,4.59,57.39,35.52,5,57.87,37.9
1989,4,2.32,67.53,43.37,4.27,67.5,44.1
1989,5,8.83,73,52.16,5.02,75.52,52.74
1989,6,6.88,84.33,64.5,5.85,86.1,66.1
1989,7,8.02,84.48,65.94,4,86.94,68.39
1989,8,4.58,82.32,64.03,4.89,83.55,67.13
1989,9,5.49,76.33,57.67,5.33,79.9,61.6
1989,10,5.29,70.42,47.9,3.54,71.94,48.55
1989,11,2.46,58.93,36.87,3,60.37,38.07
1989,12,1.46,36.97,16.9,2.62,40.29,22.23
1990,1,3.42,54.16,34.58,2.84,57.19,35.32
1990,2,2.4,57.11,34.21,2.38,59.36,36.54
1990,3,3.04,61.68,39.06,2.54,62.84,41.26
1990,4,3.78,68.1,45.13,2.81,70.23,45.6
1990,5,10.09,73.68,52.39,6.85,76.48,55
1990,6,1.12,83.6,59.63,0.97,87.6,62.43
1990,7,3.85,89.1,64.84,6.74,90.48,69.29
1990,8,3.75,83.23,63.23,5.76,84.87,67.65
1990,9,1.93,78.73,56,1.92,80.43,58.57
1990,10,10.48,70.71,47.94,3.9,75.29,50.9
1990,11,1.96,65.03,39.17,1.7,66.03,39.07
1990,12,5.08,52.68,31.39,3.52,56.68,35.81
1991,1,4.13,48.32,28.94,3.62,49.74,30.68
1991,2,1.46,54.93,34.25,1.09,56,32
1991,3,5.49,60.03,38.84,5.87,61.52,40.06
1991,4,2.67,70,47.87,0.87,71.5,48.77
1991,5,1.99,81.35,60.77,0.91,84.06,60.06
1991,6,2.38,86.17,63.1,6.24,86.73,63.77
1991,7,13.1,87.39,67.94,3.47,90.03,71.32
1991,8,2.73,85.48,65.13,3.32,88.74,68.35
1991,9,0.9,80.8,57.57,2.69,83.27,59.8
1991,10,1.53,71.58,46.1,2.5,72.74,46.97
1991,11,2.64,58.83,37.57,0.67,60.87,38.17
1991,12,5.02,53.42,32.1,4.53,55.26,33.23
1992,1,1.95,47.32,28.16,1.57,50.68,30.61
1992,2,3.17,51.69,30.03,2.89,53.34,32
1992,3,3.33,54.55,34.29,5.87,58.71,35.65
1992,4,-999,-999,-999,2.21,70.3,45.27
1992,5,3.28,70.94,50.48,4.95,72.74,50.71
1992,6,4.92,78.27,57.73,2.28,81.8,59.83
1992,7,6.99,88.13,66.39,5.68,89.55,69.35
1992,8,-999,-999,-999,6.4,83.06,64.29
1992,9,7.38,77.1,56.2,2.35,79.77,60.7
1992,10,2.6,66.55,42.39,1.94,68.16,44.35
1992,11,6.75,54.93,37.07,2.62,60.33,40.87
1992,12,4.61,46.52,29,2.79,49.65,32.19
1993,1,4.65,46.74,28.3,4.48,50.32,32.45
1993,2,3.01,45.79,23.71,2.88,48.29,27.18
1993,3,7.88,50.42,30.55,7.24,56.26,35.42
1993,4,4.28,67.43,42.07,3.23,67.97,43.83
1993,5,3.65,77.77,53.65,4.66,79.68,55.65
1993,6,2.24,84.83,59.77,1.75,86.5,63.5
1993,7,3.88,90.77,67.45,1.91,93.97,70.87
1993,8,3.12,87.58,63.65,3.89,89.48,67.48
1993,9,3.27,79.93,55.87,2.97,83,62.03
1993,10,2.43,67.81,43.19,2.23,70.29,46.84
1993,11,5.99,57.27,36.17,3.24,62.13,39.6
1993,12,3.53,45.06,26.48,3.77,47.87,30.06
1994,1,5.13,37.42,17.35,3.1,41.94,24.87
1994,2,4.29,47.79,26.43,4.38,51.25,29.11
1994,3,8.25,57.19,32.58,7.92,60.35,37.39
1994,4,2.01,75.4,46.1,2.7,76.67,49.63
1994,5,2.26,73.48,48.06,2.49,75.29,51
1994,6,2.35,87.4,61.13,1.73,89.47,66.53
1994,7,14.83,87.58,63.1,7.46,90.94,71.32
1994,8,5.15,83.45,57.35,2.54,85.74,65.03
1994,9,3.15,78.77,58.03,3.99,81.17,57.17
1994,10,1.83,68.55,46.32,2.56,69.39,45.77
1994,11,2.08,64.07,42.2,3.99,64.03,41.23
1994,12,1.77,53.19,36.71,0.95,55.61,35.65
1995,1,5,46.58,31.39,3.15,48.77,32.52
1995,2,1.64,46.14,26.71,1.14,48.36,28.89
1995,3,1.79,61.77,38.97,3,62.45,37.87
1995,4,1.81,69.23,44.07,1.98,71.4,44.7
1995,5,6.77,74.97,54.45,4.33,76.77,54.77
1995,6,9.09,79.73,63.27,1.85,83.93,64.2
1995,7,3.62,88.32,67.39,2.89,92.19,69.39
1995,8,1.25,87.87,67.48,2.59,89.74,68
1995,9,3.4,78.77,56.73,3.82,79.5,58.6
1995,10,6.38,71.71,48.97,5.11,73.19,49.03
1995,11,4.04,52.47,33.1,2.87,54.23,34.07
1995,12,2.33,44,25.42,1.71,45.13,26
1996,1,6.6,45.26,24.03,4.65,42.68,25.52
1996,2,3.78,47,26.83,2.97,46.86,28.72
1996,3,3.44,51.94,31.35,2.71,53.71,32.74
1996,4,3.08,70.17,46.17,2.88,69.83,45.87
1996,5,5.11,74.13,53.32,3.18,74.39,55.23
1996,6,5.67,85.27,64.2,4.35,85.77,64.3
1996,7,4.16,85.23,65.55,6.51,85.23,67.45
1996,8,-999,85.2,63.9,4.4,82.97,65.48
1996,9,10.68,77.5,57.7,6.87,79.17,61.03
1996,10,3.19,69.26,47.52,7.18,69.45,48.32
1996,11,2.5,52.8,32.77,3.52,52.7,33.57
1996,12,4.71,49.19,31.68,4.91,52.32,35.16
1997,1,1.96,45.94,25.55,1.93,47.16,28.1
1997,2,2.5,52.86,32.29,3.71,53.14,34.21
1997,3,4.47,61.03,36.52,2.96,61.19,37.94
1997,4,2.13,65.33,41.8,3.94,64.83,42.27
1997,5,1.89,75.87,48.58,1.36,75.42,50.29
1997,6,3.4,82,59.8,2.21,82.5,60.2
1997,7,7.39,88.97,65.35,4.85,88.32,67.32
1997,8,2.33,84.77,62.58,1.41,86.65,64.94
1997,9,7.56,79.03,56.57,0.82,81.43,59.1
1997,10,2.63,69.19,46.74,3.25,70.03,47.84
1997,11,6.61,55.43,36.6,5.33,55.7,37.3
1997,12,2.44,48.61,31.68,2.36,49.1,30.71
1998,1,7.56,49.35,34.23,6.85,51.48,34.94
1998,2,8.02,51.11,34.04,5.76,53.07,35.29
1998,3,6.03,56.84,36.42,6.72,58,38.97
1998,4,3.95,70.67,47.2,4.32,68.77,47.1
1998,5,6.37,77.87,57.03,3.72,76.81,57.9
1998,6,6.13,82.73,62.77,4.41,83.47,64.4
1998,7,1.18,88.32,66.1,2.37,88.45,68.1
1998,8,4.33,87.9,65.68,1.89,89.52,67
1998,9,1.4,87.87,61.67,3.94,85.43,62.87
1998,10,2.23,70.9,49.55,0.47,71.13,48.23
1998,11,1.2,61.47,39.73,1.3,61.83,37.2
1998,12,2.82,54.45,36.03,5,53.32,34.97
1999,1,5.46,48.84,28.29,4.7,52.35,31.48
1999,2,2.29,52.04,30.64,1.47,53.39,30.86
1999,3,4.46,55.35,33.65,4.04,56.1,34.32
1999,4,1.42,70.8,45.93,2.6,69.63,45.73
1999,5,3.43,78.19,53.61,2.75,77.55,53.39
1999,6,0.79,85.1,61.54,6.29,81.8,62.67
1999,7,1.98,92.29,68.68,2.77,89.42,69.84
1999,8,4.37,89.87,65.84,2,88.03,67.77
1999,9,13.84,78.33,58.4,16.6,76.93,59.97
1999,10,2.04,67.48,46.94,2.25,68.23,46.1
1999,11,2.72,66.53,44.87,1.01,64.37,41.3
1999,12,2.64,50.74,32.97,1.72,52.48,32.23
2000,1,2.41,45.26,26.74,3.96,45.33,26.53
2000,2,1.67,54.72,33.17,1.6,54.36,32.03
2000,3,2.58,64.06,41.77,3.67,64.45,39.35
2000,4,4.61,68.03,45.57,4.78,66.93,45.83
2000,5,3.79,79.52,58.19,3.03,79.29,56.71
2000,6,10.89,84.5,64.87,6.07,84.37,66.27
2000,7,3.43,84,63.35,4.05,83.61,65.68
2000,8,3.67,84.35,64.35,8.28,83.77,66.03
2000,9,5.53,77.8,57.1,3.6,76.6,58.43
2000,10,0.01,74.16,50.29,0.01,72.35,46.9
2000,11,-999,-999,-999,1.72,57.03,35.1
2000,12,2.63,40.58,22.77,2.38,42.2,23.68
2001,1,2.21,46.29,28.45,2.06,47.52,26.74
2001,2,1.13,53.68,32.04,2.55,53.11,31.39
2001,3,4.79,55.52,33.94,3.77,55.84,34.61
2001,4,1.24,71.6,46.93,2.14,70.97,45.55
2001,5,3.63,76.13,54.06,2.03,76.45,53.93
2001,6,4.95,83.43,63.07,6.53,84.77,65.07
2001,7,4.4,85.32,62.81,2.73,85.77,64
2001,8,4.54,87.52,66.35,5.08,88.06,68.19
2001,9,4,78.57,55.73,2.14,78.37,57.23
2001,10,1.81,71.52,46.29,0.65,72.26,45.77
2001,11,0.54,66.33,43.83,0.17,66.97,42.1
2001,12,2.23,54.55,36.06,1.67,56.58,35.39
2002,1,1.39,51.32,32.32,3.58,52.26,31.94
2002,2,0.7,54.39,31.61,0.82,55.29,30.14
2002,3,3.92,58.35,35.42,4.48,60.55,37.74
2002,4,3.04,71.9,48.63,2.33,73.03,47.9
2002,5,2.39,76.19,52.65,3.49,77.23,53.52
2002,6,3.16,88.5,63.6,1.56,88.47,63.5
2002,7,5.59,89.71,68.58,1.63,91.35,69
2002,8,2.46,90.16,66.94,3.18,90.29,68.29
2002,9,3.33,81.33,60.27,2.88,81.33,62.27
2002,10,5.77,65.81,48.52,6.09,67.77,52.19
2002,11,5.01,54.63,36.63,4.28,57.53,37.9
2002,12,3.78,44.84,27.97,3.45,47.42,29.58
2003,1,2.73,40.68,22.19,2.18,41.03,25.87
2003,2,7.64,41.89,26.43,4.21,45.11,28.32
2003,3,4.98,60.81,35.71,5.92,61.29,37.87
2003,4,3.69,66.53,44.5,4.38,67.77,46.03
2003,5,8.75,70.35,53.39,8.59,72.16,54.81
2003,6,7.12,79.03,61.33,3.87,81.93,63.53
2003,7,7.52,86.26,66.26,9.25,86.77,68.81
2003,8,7.23,85.61,67.06,4.66,86.65,69.97
2003,9,10.91,76.87,58.2,10.12,79,61.03
2003,10,4.14,67.03,45.71,2.43,68.94,47.16
2003,11,5.32,62.87,42.7,3.39,65,42.67
2003,12,4.52,47.06,29.13,4.28,49.55,29.68
2004,1,1.67,41.87,22.19,1.55,41.77,24.9
2004,2,2.51,46.59,27.93,1.87,48.66,28.69
2004,3,1.74,61.03,37.52,2.22,60.9,38.97
2004,4,3.82,67.57,45.77,3.42,70.1,48.03
2004,5,4.56,81,59.13,3.06,83.65,62.45
2004,6,4.35,80.9,62.47,9.93,83.3,65.73
2004,7,6.34,84.77,66.77,6.42,87.39,69.87
2004,8,2.19,83.65,63.71,9.62,83.97,67.29
2004,9,8.7,78.77,60.03,6.14,79.87,63.27
2004,10,1.16,66.03,49.35,1.95,68.94,51.35
2004,11,4.82,60.27,42.3,3.27,62.47,42.67
2004,12,2.7,48.55,29.42,2.37,52.26,32.39
2005,1,4.26,46.13,28.81,3.42,49.26,30.84
2005,2,1.4,49.86,30.46,1.39,52.25,31.82
2005,3,3.82,51.39,33,3.99,55,35.29
2005,4,3.23,67.23,45.3,2.05,70.47,46.37
2005,5,3.5,71.77,51.55,4.22,74,52.68
2005,6,2.54,83.53,64.47,1.19,86.13,66.23
2005,7,5.98,87.32,69.42,9.28,90.84,72.48
2005,8,4.19,86.74,68.45,2.56,89.87,71.23
2005,9,0.65,83.33,61.3,0.08,87.43,63.67
2005,10,8.17,67.42,50.81,3.74,71.77,52.03
2005,11,4.38,60.6,39.33,3.81,65.03,41.1
2005,12,3.13,43.68,27.94,5.81,48.1,29.13
2006,1,2.51,51.42,34.26,2.89,55.39,34.68
2006,2,2.06,48.21,28.82,1.47,51.07,29.46
2006,3,0.19,58,37.39,0.2,61.9,37.65
2006,4,2.3,72.4,48.47,2.18,72.83,47.47
2006,5,1.69,75.1,52.94,3.24,77.48,53.29
2006,6,8.42,83.5,63.3,7.85,84.67,65.13
2006,7,1.67,87.39,68.55,4.57,91.45,71.48
2006,8,3.31,90.65,67.97,5.99,90.9,70.39
2006,9,7.28,74.47,57.4,9.52,78.73,61.1
2006,10,8.18,65.35,46.29,6.12,70.35,49.16
2006,11,6.58,60.33,41.73,6.67,63.33,43.97
2006,12,2.07,54.77,36.35,1.42,58.55,35.97
2007,1,2.5,48.68,32.13,3.46,53.06,33.9
2007,2,2.64,40.29,22.93,2.06,45.39,25.54
2007,3,3.44,61.63,37.6,2.66,64.32,39.13
2007,4,3.69,62.57,43.9,3.62,69.03,45.23
2007,5,2.36,77.06,55.16,3.69,78.42,56.45
2007,6,4.35,83.8,63.63,5.22,86.53,65.03
2007,7,2.9,86.23,65.9,1.69,89.87,67.48
2007,8,3.43,89.23,68.23,6.81,90.94,69.87
2007,9,0.69,83.53,59.97,1.11,84.27,60.83
2007,10,5.22,75.87,54.52,3.54,78.06,55.71
2007,11,0.71,57.37,38.37,0.8,60.53,38.4
2007,12,2.68,48.97,33.55,3.24,52.35,35.55
2008,1,1.04,45.81,27.77,0.96,49.84,30.13
2008,2,2.86,49.48,30.31,3.41,54.45,32.59
2008,3,3.58,57.87,35.74,3.5,63,38.81
2008,4,-999,-999,-999,8.32,69.8,49.17
2008,5,4.93,73.87,52.26,5.1,77.16,53.77
2008,6,2.11,88.83,65.63,3.64,91.4,66.5
2008,7,6.61,88.13,67.13,4.05,89.71,68.52
2008,8,5.78,86.52,64.71,5.73,88.03,66.42
2008,9,4.87,77.97,60.33,5.94,81.13,62.7
2008,10,2.14,67.1,46.58,1.32,70.26,47.26
2008,11,2.96,53.87,37.27,3.51,58,39.73
2008,12,3.63,46.9,30.61,4.07,54.32,34.74
2009,1,2.09,40.32,23.81,1.49,44.45,26
2009,2,0.82,50.71,28.75,0.74,53.93,30.43
2009,3,2.87,54.61,35,4.26,56.87,36.61
2009,4,3.32,67.77,45.97,2.56,70.63,47.07
2009,5,6.63,73.45,55.48,3.71,78.42,57.87
2009,6,5.13,82.13,64,4.32,85.03,65.97
2009,7,4.88,82.74,64.13,3.39,87.39,66.61
2009,8,2.51,86.74,67.42,4.04,89.45,70.32
2009,9,4.44,76.13,58.9,2.46,79.6,60.27
2009,10,3.47,65.68,47.13,3.59,68.84,49.06
2009,11,7.41,59.4,43.43,9.6,62.13,43.83
2009,12,8.7,44.03,28.42,8.16,47.94,30.77
2010,1,5.24,41.55,26.58,3.6,45.13,26.9
2010,2,3.89,40.89,25.43,2.82,43.64,26.89
2010,3,5.13,59.06,40.94,6.17,62.77,41.03
2010,4,1.35,74.5,48.5,1.59,75.97,48.5
2010,5,3.43,77.71,56.58,2.62,80.81,59.68
2010,6,1.8,89.67,67.63,0.82,92.2,70.03
2010,7,1.84,92.39,69.87,1.19,94.81,70.71
2010,8,2.76,87.58,67.81,3.92,89.87,69.94
2010,9,5.05,86.73,59.7,6.49,86.6,62.53
2010,10,3.48,70.55,50.1,2.14,72.58,49.65
2010,11,3.38,58.87,38.17,1.27,61.07,38.83
2010,12,2.5,38.16,24.84,3.26,41.42,25.13
2011,1,0.97,41.23,25.06,2.48,42.84,25.87
2011,2,1.51,51.39,30.46,2.09,56.54,33.11
2011,3,6.83,56.87,35.26,4.28,58.9,38.42
2011,4,4.2,68.97,47.73,2.63,73.6,49.9
2011,5,6.15,75.32,57.03,4.35,80.03,58.23
2011,6,3.82,86.07,65.5,3.03,88.9,67.17
2011,7,3.48,90.35,70.06,3.63,92.81,71.13
2011,8,3.49,86.94,67.03,7.1,89.45,68.35
2011,9,7.96,76.5,61.1,8.95,80.6,64.47
2011,10,6.03,66.52,47.87,2.79,69.26,49.35
2011,11,3.42,61.97,41.1,4.18,64.97,41.93
2011,12,5.11,51.94,35.39,2.03,57.06,35.52
2012,1,2.67,47.68,29.68,1.73,53.45,31.84
2012,2,1.97,53.52,33.69,3.22,56,33.41
2012,3,4.42,68.19,44.32,2.51,69.87,46.65
2012,4,1.96,68,45.17,2.4,70.38,46.83
2012,5,-999,74.36,57.36,-999,81.33,59.67
2012,6,-999,-999,-999,-999,-999,-999
2012,7,-999,-999,-999,-999,-999,-999
2012,8,-999,-999,-999,-999,-999,-999
2012,9,-999,-999,-999,-999,-999,-999
2012,10,-999,-999,-999,-999,-999,-999
2012,11,-999,-999,-999,-999,-999,-999
2012,12,-999,-999,-999,-999,-999,-999
